{"cameraMode":{"drawMode":0,"name":"Shaded","section":"Shading Mode"},"sceneLighting":true,"audioPlay":false,"sceneViewState":{"showFog":false,"showMaterialUpdate":false,"showSkybox":false,"showFlares":false,"showImageEffects":false,"showParticleSystems":false},"in2DMode":false,"pivot":{"x":-1.6989058256149293,"y":1.1069772243499756,"z":0.7552955150604248},"rotation":{"x":-0.01931847631931305,"y":0.9528703689575195,"z":-0.2963241636753082,"w":-0.06212177500128746},"size":11.552489280700684,"orthographic":false}