{"cameraMode":{"drawMode":0,"name":"Shaded","section":"Shading Mode"},"sceneLighting":true,"audioPlay":false,"sceneViewState":{"showFog":false,"showMaterialUpdate":false,"showSkybox":false,"showFlares":false,"showImageEffects":false,"showParticleSystems":false},"in2DMode":false,"pivot":{"x":270.9263000488281,"y":366.4964599609375,"z":-92.75001525878906},"rotation":{"x":-0.000013499702617991716,"y":0.9999579191207886,"z":0.00899986270815134,"w":0.0014999404083937407},"size":989.1414184570313,"orthographic":true}